????? ??? ?? ’??? ?????‘ ?? ?????? ?? ????? ?????? ?? ?????? ????, pakistan
’???? ???? ????? ??? ???? ???? ??? ??? ??? ?? ???? ??? ???‘, pakistan
???????? ???????? ?? ?????? ???????? ?? ????? ???? ???? ???? ???, pakistan
???????? ???? ????? ????? ?? 19 ????? ?????? ?? ????? ?? ???? ???? ????, pakistan
???? ?? ???? ???: ???? ? ???? ?? ???? ???????? ?? ???? ???? ?? ?????? ??? ????, pakistan
?? ?? ??? ??? ??????: ???? ???? ?? ????? ??? ???? ?? ???? ?? ?????, pakistan
??? ????? ??????? ???? ?? 25 ????? ?? ?? ??????? ?? ??? ????, pakistan
???? ?????? ??? ???? ?? ??? ??? ?? ?????? ??? ??? ?? ???? ???, pakistan
?????? ???: ’???? ???? ???? ??? ???? ??? ?????? ?? ???? ?????‘, pakistan
??????? ??? ??? ?? ?????? ?? ???? ??? ??? ???, pakistan
????? ??? ?? ’??? ?????‘ ?? ?????? ?? ????? ?????? ?? ?????? ????, pakistan
’???? ???? ????? ??? ???? ???? ??? ??? ??? ?? ???? ??? ???‘, pakistan
???????? ???????? ?? ?????? ???????? ?? ????? ???? ???? ???? ???, pakistan
???????? ???? ????? ????? ?? 19 ????? ?????? ?? ????? ?? ???? ???? ????, pakistan
???? ?? ???? ???: ???? ? ???? ?? ???? ???????? ?? ???? ???? ?? ?????? ??? ????, pakistan
?? ?? ??? ??? ??????: ???? ???? ?? ????? ??? ???? ?? ???? ?? ?????, pakistan
??? ????? ??????? ???? ?? 25 ????? ?? ?? ??????? ?? ??? ????, pakistan
???? ?????? ??? ???? ?? ??? ??? ?? ?????? ??? ??? ?? ???? ???, pakistan
?????? ???: ’???? ???? ???? ??? ???? ??? ?????? ?? ???? ?????‘, pakistan
??????? ??? ??? ?? ?????? ?? ???? ??? ??? ???, pakistan
’??? ??? ???? ?????‘, pakistan
???? ????? ?? ???: ??? ??????? ?? ???? ??????? ?????? ??? ?????? ???? ??????, pakistan
???? ??? ???????? ??? ??????? ?? ??????? ?? ??????? ??????? ?? ????? ???????, pakistan
’??? ?? ?????‘ ??? ???? ?? ???? ??????: ’???? ?? ??? ????? 2019 ??? ???? ?? ?? ??? ??? ??? ??? ??‘, pakistan
??? ???????? ??? ?? ???? ????? ???? ??? ??? ?? ?? ?? ????? ?? ???? ???, pakistan
26 ????? ?? ??????? ??? ?????? ????? ???? ????? ?? ????? ??? 50 ???? ???? ?? ??? ?? ?????, pakistan
????? ???? ?? ???? ??? ?? ???? ????? ????!, pakistan
'??? ??? ?? ?? ???? ?? ???? ?? ????? ??', pakistan
’?????? ?? ??? ?? ???? ???? ?? ?????? ??? ???? ?? ??? ???‘, pakistan
???? ????: ’??? ?????? ????? ?? ???? ?????? ?? ??? ?? ???? ?? ?? ???? ????‘, pakistan
???? ???? ?? ??? ??? ?? ??? ?? ????? ??????? ????? ??, pakistan
???????? ????? ?? ?????? ?? ??? ????? ????? ?? ???? ????? ???, pakistan
?????? ??? ????? ??? ????? ??????, pakistan
’???? ???? ?? ??????? ?? ?? ????? ?? ??? ??????? ?? ????‘ ???? ????, pakistan
????? ???? ?? ??????? ?????? ???, pakistan
???? ???? ?? ????: ?????? ???? ???? ??? ??? ????, pakistan
??????: ????? ?? ???? ????? ??? ????? ??? ????? ?????????? ??? ??? ?? ????? ????, pakistan
???? ???? ???? ????: ’???? ???? ??? ??? ???? ??‘, pakistan
????? ???? ?? ??? ?????? ??? ???? ?? ???? ??? ?? ??? ????? ????, pakistan
???? ???? ?? ????? ????? ??? ?????? ?? ????? ???? ?????? ????, pakistan
???? ??????? ???????? ????? ??????? ?? ??? ??? ??? ?? ????? ???, pakistan
????? ?? ??? ?????? ??? ??????: ??? ????? ????? ????? ??? ????, pakistan
’???? ????? ??? ??? ?? ?????? ?? ??? ??????? ??? ??? ??? ???‘, pakistan
??????? ?????? ?? ?????: ’????? ?? ?????? ?? ??? ????? ??? ??????? ????? ?? ??‘, pakistan
???? ???? ????: ’?????? ?? ?????? ???? ?? ?? ???? ?? ????? ???? ??‘, pakistan
‘?????? ????? ??? ?????? ???? ?? ??? ?? ???? ?? ???? ??‘, pakistan
’????? ?? ???? ?? ???? ?? ???? ??? ????? ???? ???‘, pakistan
???? ???: ????? ???? ?? ????? ??? ??? ??? ??? ?????, pakistan
????? ??? ????????? ???? ?? ???? ?????? ??? ????? ???? ???? ?? ???? ???, pakistan
????? ???? ?? ?????? ???? ???? ???? ???? ?? ???, pakistan
????? ???? ??????? ?? ???? ???? ???? ???? ??? ????, pakistan
???? ???? ?? ’?????? ????? ?? ??? ??? ????? ????‘ ?? ???? ???, pakistan
???????? ???? ?????? ???? ?? ?? ????? ?? ?? ?? ?? ??? ???, pakistan
’???? ??? ??? ?? ?? ???? ???? ????? ????? ??? ??? ?? ??? ???‘, pakistan
?????? ??? ?????? ?? ???? ????? ???? ?????? ??????? ??? ??? ????? ??? ??? ????? ???, pakistan
?? ??? ???????? ?? ???????? ????? ??? ???? ???, pakistan
’?? ??? ??? ???? ?????? ?? ????? ????? ???!‘, pakistan
??? ????? ??? ???? ???? ???? ??? ????????? ?? ???? ????????? ?? ??? ?? ?? ???? ???, pakistan
????? ??????????: ????? ?? ???? ???? ?? ?????? ?? ??? ???? ?? ???, pakistan
’????? ?????? ?? ????? ????? ?? ?????? ???‘, pakistan
??????? ?? ??? ?? ?????? ???? ?? ????? ????? ?? ????? ?? ?????? ???, pakistan
??????? ?? ??? ????? ???? ??? ????? ?? ?????? ??????? ???? ?? ?????, pakistan
???? ?? ???? ????? ????? ?? ’????????‘ ???? ?? ???? ????, pakistan
’?? ?? ??? ??? ???? ???? ?? ??? ??? ?? ?????? ???? ??‘, pakistan
’??? ??? ?????? ??????? ??? ????? ?? ?????? ?? ?????? ??? ????‘, pakistan
????? ????? ?? ??????? ??? ?????? ??????, pakistan
’??? ?? ??? ?? ?????? ?? ?? ?????? ???? ?? ?? ??? ??‘, pakistan
????? ???? ?? ????? ?????? ?? ???? ????? ?? ???? ?? ?? ????? ??? ???, pakistan
????? ???? ?? ??????: ??? ??? ???? ???? ?? ?? ?????? ?? ?? ??? ??? ?? ???? ???, pakistan
’????? ???????? ??? ????? ?? ????? ??? ????? ?? ??? ????? ????? ????? ??‘, pakistan
?????? ???? ?? ???? ???? ?????? ????? ?????? ??? ????, pakistan
???? ??????? ????????: ??? ????? ????? ?? ?? ??????? ???? ?? ???? ?? ?? ???? ????, pakistan
’???? ????? ?? ??? ?????? ??? ??? ?? ???? ?? ???? ???? ?????? ??‘, pakistan
’?? ??? ?? ??? ??? ???? ??? ???? ??? ??? ?????? ???? ??‘, pakistan
’????? ???? ???? ??? ???? ??? ??? ?? ??? ?? ??? ???? ???? ???? ??? ???‘, pakistan
???? ?????: ’???????? ???? ?????? ????? ???? ????? ?? ?????? ????? ???? ????? ???‘, pakistan
??? ???? ????? ???: ?????? ’??????‘ ?? ??? ????? ??? ?????? ???? ????, pakistan
’??? ??? ?????? ?? ??? ?? ???? ?? ???? ???? ????????? ?? ????‘, pakistan
?? ????? ??? ??? ????? ????, pakistan
???? ?? ???? ??????? ???????? ??? ??????? ?? ?????? ????? ?? ’????? ???? ????‘ ?? ?????, pakistan
’????? ????‘ ?????, pakistan
????? ???? ?? ????? ??? ???? ?? ?????? ??? ???? ?????? ?????, pakistan
????? ???: ?? ?? ???? ?????? ?? ?????? ??? ?? ?? ???? ?? ???? ??? ??? ???? ??, pakistan
’???? ??? ?? ???? ??????? ??? ??????? ??? ??? ???? ?? ?? ?? ?????‘, pakistan
’????? ?? ??? ???? ?? ??? ???? ???? ???? ?? ??? ??? ??????‘, pakistan
????? ?? ???? ????? ???? ??????? ?????? ?? ???? ?????? ???? ???? ??? ????, pakistan
’???? ??? ??? ??? ?????? ?? ???? ?? ???? ????? ?? ????‘, pakistan
’???? ??? ??? ????‘, pakistan
???? ???? ??? ?? ????: ’?? ?? ????? ????? ?? ??? ?????? ???? ???‘, pakistan
???? ???? ?? ????: ???? ?? ???? ??????? ?? ??!, pakistan
??? ???? ??? ???? ?? ???? ?????? ???? ?? ??? ????? ????, pakistan
???????? ?? ????? ????? ?? 350 ??????? ???? ???? ???? ????, pakistan
????? ??????? ??? ???????? ???? ??? ??? ????? ??? ??????? ????? ????? ???: ???????, pakistan
??????? ??? ??? ??????? ?? ???????? ??? ????? ?? ?????? ??? ????, pakistan
’??? ???? ??? ??? ??? ?? ???? ???? ?????? ??? ?? ??? ???? ?? ???‘, pakistan
’???? ???? ???? ?? ??? ???? ???? ?? ???? ???? ?? ???? ???‘, pakistan
??????? ??? ????? ????? ??? ?? ???? ?? ????? ??? ????, pakistan
?? ????? ???? ??? ?? ???, pakistan
???? ???? ???? ???? ’?? ?? ?? ??? ??? ??? ?? ??? ???? ???`, pakistan
????? ??? ??????? ?? ??? ????? ?? ???? ?? ?????? ?? ??? ???? ?? ???? ???? ?? ?????, pakistan
????? ??? ??? ??? ???? ???? ?? ??? ?? ???? ’?????? ?? ?????? ??? ????‘, pakistan
???? ????? ?? ??? ??? ?????? ???? ?? ??? ???: ??? ???, pakistan
’???? ???? ??? ?? ?? ?? ???? ???? ???? ?? ????? ??? ?? ?????? ???? ????‘, pakistan
???? ?????? ?? ??? ??? ?????? ??????? ???? ?? ????? ?? ???? ????? ?? ??????, pakistan
??? ????: ???? ????? ?? ??????? ???? ?? ?? ??? ???? ?? ???, pakistan
????? ????? ??? ??? ???? ??? ?? ’??? ?? ??? ?????? ??? ???? ??? ‘, pakistan
??????? ????? ????? ?? ????? ??? ???? ????? ???? ?? ?????? ???? ?? ?????, pakistan
??? ?? ’???? ???????‘ ????? ??? ?? ????? ???? ??? ?????? ???????, pakistan
??? ?? ??? ?? ???? ?? ???? ???? ?? ?????? ??? ???? ?? ????: ???? ????, pakistan
’?? ????? ?? ???? ?? ????? ???? ???? ??? ?? ??? ???? ??‘, pakistan
???? ??? ????? ??? ?? ??????? ?? ???: ?????? ??? ?? ?? ???? ?????? ???? ???? ??? ????, World
’???? ?? ???‘ ?? ?? ?? ????? ??: ???????? ?? ????? ?? ??? ???????, World
???? ??? ??????? ?? ???? ???? ???? ???? ???? ?? ????? ???? ???? ??? ???? ????, World
??? ?? ?????? ???? ???? ???? ?? ’??? ????? ?? ?????‘, World
’?????? ?? ???? ??? ???? ??? ?? ?? ???? ???? ??? ?? ?? ??? ?? ???? ????‘, World
?? ???? ??? ???? ??? ?? ?????? ?? ???????? ????? ???? ?? ??? ???, World
?????? ?? ????? ?????? ??? ??? ??? ?? ??? ?? ?? ????? ????? ??? ?????, World
’??? ??? ???? ?????‘, World
???? ??????? ?? ??? ?? ???? ?? ??????? ???? ?????? ???, World
???? ???????? ?? ???? ??? ?? ???? ???? ??? ?? ?????? ?? ????? ?? ???, World
???? ??? ????? ??? ?? ??????? ?? ???: ?????? ??? ?? ?? ???? ?????? ???? ???? ??? ????, World
’???? ?? ???‘ ?? ?? ?? ????? ??: ???????? ?? ????? ?? ??? ???????, World
???? ??? ??????? ?? ???? ???? ???? ???? ???? ?? ????? ???? ???? ??? ???? ????, World
??? ?? ?????? ???? ???? ???? ?? ’??? ????? ?? ?????‘, World
’?????? ?? ???? ??? ???? ??? ?? ?? ???? ???? ??? ?? ?? ??? ?? ???? ????‘, World
?? ???? ??? ???? ??? ?? ?????? ?? ???????? ????? ???? ?? ??? ???, World
?????? ?? ????? ?????? ??? ??? ??? ?? ??? ?? ?? ????? ????? ??? ?????, World
’??? ??? ???? ?????‘, World
???? ??????? ?? ??? ?? ???? ?? ??????? ???? ?????? ???, World
???? ???????? ?? ???? ??? ?? ???? ???? ??? ?? ?????? ?? ????? ?? ???, World
???? ???????? ?? ?????? ?? ?????? ?? ??? ?? ???? ???? ?? ?????, World
???????? ???? ???? ??? ????? ??? ??? ?? ?????? ?? ?????? ????? ??? ?? ???? ?? ?????, World
’???? ??? ?????? ?? ??? ????? ?? ???? ??? ????? ???? ?? ???? ??‘, World
????? ?? ????????? ??? ???????? ?? ??? ??? ?? ?? ?????, World
???? ?? ???? ?? ?? ?????? ?? ???????? ???? ???? ???, World
???? ???? ?? ??? ??? ?? ??? ?? ????? ??????? ????? ??, World
???????? ????? ?? ?????? ?? ??? ????? ????? ?? ???? ????? ???, World
’???? ???? ?? ??????? ?? ?? ????? ?? ??? ??????? ?? ????‘ ???? ????, World
???? ?? ???? ????? ?? ??????: ??? ??????? ?? ????? ???? ?? ??? ????, World
??? ?? ????? ???? ???? ?? 18 ???? ???? ??? ????? ?? ?????, World
????? ?????: ??? ?????? ?? ???? ????? ?? ??? ????? ??, World
?????? ??? ??? ?????? ?? ?? ?? ????? ??? ?? ??? ????, World
??????: ????? ?? ???? ????? ??? ????? ??? ????? ?????????? ??? ??? ?? ????? ????, World
?????? ?????? ??????: ??? ????? ???? ????? ?? ??? ???? ????, World
??? ????? ????? ?? ??? ??? ??????? ?? ????, World
?? 20: ????? ??? ?? ?????? ??? ?????? ???? ?? ????? ?? ?????? ???? ?? ????, World
?????: ???? ??????? ?? ’?????? ?????‘ ?? ????? ?? ??? 15 ?? ?? ????, World
?????? ??? ???? ???? ????? ???? ?? ?? ’????? ?? ??? ??? ???????‘, World
?????? ?? ???? ?????? ???? ???? ?? 300 ????? ??? ???? ?? ??? ??, World
?????? ???? ?????? ???? ??? ??: ??? ?? ?????, World
?????????: ?????? ?? ?????? ?? ????? ???? ?????, World
??????? ?? ??? ’????? ????? ????‘ ?? ??? ??? ???, World
?????? ???? ??? ?????? ?? ????? ?????? ????? ?????? ??? ??? ????? ?? ????, World
?? ??????? ?? ????? ????????? ?? ??? ??? ???? ???, World
???? ???? ?? ??????: 41 ??? ???? ??? ??? ????, World
???????? ???? ?????? ???? ?? ?? ????? ?? ?? ?? ?? ??? ???, World
?????? ??? ?????? ?? ???? ????? ???? ?????? ??????? ??? ??? ????? ??? ??? ????? ???, World
?? ??? ???????? ?? ???????? ????? ??? ???? ???, World
1000 ??? ???? ???? ?????? ??? ????? ???? ????? ????? ???, World
???????: 2030 ?? ?????? ??? ???? ???? ??? ?????? ?? ?????? ?? ??, World
???? ?? ???? ?? ??? ?????? ????? ?????? ??? ??? ???????? ?????? ????, World
??????? ?? ??? ????? ???? ??? ????? ?? ?????? ??????? ???? ?? ?????, World
????? ????? ?? ????? ???? ????? ??? ???? ?????? ????? ??? ??? ??, World
?????? ?? ???? ????? ?????? ?? ???? ???? ????, World
??? ?? ?????? ????? ?? ???? ?? ??? ’???????? ?? ????? ??? ??? ?????? ??? ?????‘, World
???? ??????? ?? ??????? ?? ??? ???? ???? ??????? ???????? ?? ??????, World
???? ???? ?? ????? ???? ????? ???? ???? ???? ?? ??? ?? ?? ???? ?? ??? ?? ????, World
????? ?? ?? ?? ?????? ???? ?? ??? ??? ??? ?? ????? ??? ??? ???, World
????? ???? ?? ??????: ??? ??? ???? ???? ?? ?? ?????? ?? ?? ??? ??? ?? ???? ???, World
???? ????????? ??? ???? ??? ?????? ’???? ?????? ?????? ?? ??? ???? ????? ??‘, World
?????? ??????? ?? ????? ?? ??? ???? ?? ?? ?????? ?? ????? ?? ???, World
????? ?????? ??? ?????? ?? ????? ?? ????? ???? ?? ??? ???, World
???? ?? ??? ???? ??? ??? ??? ?????? ?? ????? ?? ????? ?? ???? ???? ?????, World
???? ?? ?? ?? ??? ?????? ????? ?? ?? ?? ?? ??? ???? ??? ??? ??? ???, World
????? ????? ????? ?? ????? ???? ??? ?????? ?? ??? ??? ?? ??? ???, World
?? ?? ??? ?? ??? ????? ???? ????? ?? ???? ??????? ?????? ???, World
?????? ????? ?????? ?? ?????: ????? ????? ??? ??? ?? ????? ?? ????? ????, World
????? ?? ?? ’???? ?????’ ?? ???? ??? ???? ???, World
??????? ?? ????? ?? ????? ??? ????? ?? ????? ?? ?????, World
??????? ??? ????? ????? ??? ?? ???? ?? ????? ??? ????, World
??????: ??? ?????? ?? ????? ???? ?? ???? ?? ??????? ?? ??? ??? ???? ?????? ?? ?????, World
?????? ??? ?? ?? ?????? ?? ????????? ??? ?? ??? ?? ??????, World
????? ??? ?? ??? ?? ??????? ?? ???? ????? ????? ?? ?????, World
?????? ?????? ?????? ?? ???? ??? ?? ?? ???, World
???? ?????? ???? ?? ?????? ????? ???? ???? ????? ??????? ?? ?????, World
?? ???? ?? ??? ?? ?? ??? ?????????? ??? ??? ??? ??, World
??? ????? ?? ????? ????? ???? ???? ????? ?????? ?? ??????, World
???? ?????? ??? ?????? ???? ??? ??? ???? ?????? ?????? ???? ?? ???, World
?????? ??????: ?????? ?? ???? ????? ????? ?? ??? ????? ?? ?????, World
??? ?????: ??? ’??????‘ ??? ?? ?? ?????? ?? ???? ??????? ?? ??? ???? ?? ????? ??, World
’????? ?? ??? ????? ?? ?? 12 ??? ????? ?????? ??????? ????? ??‘, World
’???? ?? ???‘ ?? ???? 66 ???? ???? ??? ?????, World
????? ??????: ?? ?????? ?? ??? ??? ????? ????? ??? ???? ???? ???? ??? ?????, World
?????? ??? ?????? ?? ??? ???? ?? ??? ?? ?????? ?? ???? ???, World
???? ???? ?? ????? ?? ??? ??? ???? ?????? ??? ??? ??? ?? ???? ????, World
??? ??? ???? ????? ??? ?? ??????? ????? ??? ’?? ??????‘? ??? ??? ???? ????, World
?????? ?? ?? ?????? ?? ?? ???? ????? ???? ?????? ??? ????, World
???? ????? ?? ???? ???? ???? ?? ?????? ????????? ?? ?????, World
?? ??? ?? ????? ?? ???? ???? ??? ?? ??? ?? ??? ??? ?? ??? ??, World
?? ??????: ???? ?? ???? ????? ?? ???? ’???????‘ ?? ???? ??, World
?????? ?????: ??? ??? ?? ??? ?? ?????? ?? ?? ?? ??? ???, World
???? ?? ???? ???? ?????? ?? ????? ?? ??? ?? ??? ?? ???, World
??????? ’?????? ?????? ?? ?????? ?? ??? ????‘? ??????? ?? ??? ?????? ?? ??????, World
??????????? ??????? ??? ?????? ?? ???? ???? ???? ??????, World
???? ?? ??????? ??? ???? ??? ?????? ?? ????? ?? ??, World
??? ?? ????? ?? ?????????? ??? ??????? ?? ?????? ??? ??????, World
?? ?????? ??? ?? ???? ???????? ?? ??? ?? ?? ???? ??? ???? ???, World
??? ???? ?? ???? ???? ?? ?? ?? ?? ?????? ????, World
????? ????? ?? ’?????? ????‘ ???? ?? ???? ???? ????, World
???? ?????: ????? ?? ???? ?????? ?? ??? ?? ???, World
?????????? ?? ?????? ?? ??? ??? ?? ???? ?? ?????, World
????? ??? ??????:??????? ?? ???? ?? ??? ?????? ??????? ??????, World
?????? ?????? ?????? 2020: ????? ???? ?? ???? ???? ?????, World
?? ???? ?????? ?? ?????? ?? ??? ?? ??? ????, World
?????? ?? ??? ?? ???? ?? ???? ????? ?? ??? ??? ??? ???, World
?????? ??? ?????? ?? ????? ???, World
???? ??? ???? ?? ?? ????? ?? ????? ???? ?? ????? ????? ???? ???: ?? ??????, World
?????? ?????? ?? 46??? ??? ?????? ?? ??? ??? ?? ???, World
?????? ?? ???? ????? ??? ??? ??????? ???? ??? ????? ???? ???? ???? ???? ??? ????, World
??? ???? ?? ??????? ?????? ??? ?? ??? ???? ???, World
???????? ???????? ?? ?????? ???????? ?? ????? ???? ???? ???? ???, Khel
’???? ?? ???‘ ?? ?? ?? ????? ??: ???????? ?? ????? ?? ??? ???????, Khel
???? ??????? ??? ??? ????? ?? ????? ???????? ?????? ???? ???? ????, Khel
??? ???????? ??? ?? ???? ????? ???? ??? ??? ?? ?? ?? ????? ?? ???? ???, Khel
????? ?????: ??? ?????? ?? ???? ????? ?? ??? ????? ??, Khel
???? ?? ???? ??? ???? ??? ???? ????? ?? ????? ??? ????? ??? ???? ??? ?????? ???, Khel
1000 ??? ???? ???? ?????? ??? ????? ???? ????? ????? ???, Khel
??? ?????? ??? ?? ’?????‘ ?? ???, Khel
????? ??? ’?????? 2021 ??? ??????? ?? ???? ??? ??‘, Khel
????? ???? ?? ????? ?????? ?? ???? ????? ?? ???? ?? ?? ????? ??? ???, Khel
???????? ???????? ?? ?????? ???????? ?? ????? ???? ???? ???? ???, Khel
’???? ?? ???‘ ?? ?? ?? ????? ??: ???????? ?? ????? ?? ??? ???????, Khel
???? ??????? ??? ??? ????? ?? ????? ???????? ?????? ???? ???? ????, Khel
??? ???????? ??? ?? ???? ????? ???? ??? ??? ?? ?? ?? ????? ?? ???? ???, Khel
????? ?????: ??? ?????? ?? ???? ????? ?? ??? ????? ??, Khel
???? ?? ???? ??? ???? ??? ???? ????? ?? ????? ??? ????? ??? ???? ??? ?????? ???, Khel
1000 ??? ???? ???? ?????? ??? ????? ???? ????? ????? ???, Khel
??? ?????? ??? ?? ’?????‘ ?? ???, Khel
????? ??? ’?????? 2021 ??? ??????? ?? ???? ??? ??‘, Khel
????? ???? ?? ????? ?????? ?? ???? ????? ?? ???? ?? ?? ????? ??? ???, Khel
’???? ????? ?? ??? ?????? ??? ??? ?? ???? ?? ???? ???? ?????? ??‘, Khel
???? ????: ??? ?????? ??? ?? ?? ???? ??? ?? ??? ??, Khel
’????? ???? ?? ?????? ???? ?? ?? ???? ???‘, Khel
??? ???? ???? ?? ?? ?????? ???? ?? ?? ?????, Khel
’???? ???? ???? ?? ??? ???? ???? ?? ???? ???? ?? ???? ???‘, Khel
??????? ??? ??? ?? ???? ????? ?? ??? ??????? ????, Khel
???????? ???? ??? ??? ???? ???? ???? ??? ???? ??? ???, Khel
?? ??? ?? ????? ?? ???? ???? ??? ?? ??? ?? ??? ??? ?? ??? ??, Khel
??????? ?? ?????? ?? ??????? ???? ??? ??? ???? ???? ?? ?????, Khel
??????? ??????? ???????: ??????? ?? ????? ?? 20 ??? ??? ??? ???, Khel
????? ????? ?? ???? ?? ??? ???, Khel
??????? ??????? ???????: ’?? ????? ???? ??????? ????? ?? ???? ?? ??? ??? ????‘, Khel
??? ???? ?? ???? ???? ???? ?? ???? ???? ???? ?????? ???? ?? ???, Khel
??? ???? ?? ????? ??? ??? ?? ?????? ???, Khel
??????? ?? ???? ?? ???? ???, Khel
???????? ?????? ???? ??? ?? ??? ??? ????? ??????, Khel
???? ?? ????? ?? ’????? ????????‘, Khel
???????? ??? ????? ?? ?? ??? ?? ?????? ???? ???? ???, Khel
??? ???? ?? ???? ?? ?????? ?????? ????? ??? ??? ??? ??? ? ???!, Khel
????? ???? ??? ??????? ?? ???? ????? ?????? ?? ????? ???? ??? ???? ???? ?? ??????, Khel
’??????? ?????‘ ???? ????????? ??????? ???????? ??????? ?? ????? ?????, Khel
????? ???? ????? ?? ??????? ???? ?? ???? ???? ???? ?? ??, Khel
????? ???? ?? ???? ???? ?? ’????? ??? ?????‘ ???? ?? ???? ????? ?????? ???? ?????, Khel
?????? ????? ?? ?????? ’????‘ ????? ?????? ?? ’???? ?????‘ ???? ???, Khel
????? ??????: ???? ???? ?? ????? ???? ???? ??????? ????? ?????, Khel
49 ??? ??? ?? ??????? ???? ?? ????? ??????? ???, Khel
??????? ?? ???? ????? ??? ???? ???? ?????? ??? ?? ??? ???, Khel
??? ?? ?? ?????????: ’????? ??? ?? ?? ???? ????? ???? ???‘, Khel
???? ?? ?????? ?????? ??? ’?? ???? ?? ?????? ?? ?????‘, Khel
???? ???: ???? ?? ??? ????? ?? ???? ?? ?????? ????, Khel
’?? ???????? ?? ???? ?????? ?? ??? ???? ???? ??? ???? ????? ????? ??‘, Khel
???? ?? ?????? ??? ??? ????? ?? ??? ???? ?? ??? ???????? ??? ??? ??????, Khel
????? ???? ?? 13??? ????? ???? ???? ????? ???? ??? ?? ???, Khel
’????? ?? ????? ?? ?? ?? ?????? ?? ????? ??? ????‘, Khel
?? ??? ???? ?? ????? ??????? ?? ????? ???? ?? ?????? ???? ?? ??, Khel
??? ?????? ???? ???? ????? ?? ??? ??? ?? ???? ????, Khel
??????? ?? ??? ???? ?? ?????? ????? ????? ???? ????? ???, Khel
???? ???? ?? ?? ?????? ??? ?? ???? ?? ???? ?? ??? ??? ?? ?????? ??, Khel
’?????? ??? ????‘ ????? ?? ????? ???? ??? ????? ??? ??? ???, Khel
????? ??? ?????? ??? ???? ????? ???? ?? ????? ????, Khel
’?? ????? ?? ???? ???? ?????? ?? ??? ?? ???? ??? ??? ???? ???‘, Khel
???? ?????? ?? ?????? ?????? ???? ?? ??? ?????? ??? ????? ?? ???, Khel
??????? ????: ’?? ????? ??? ???? ?? ????? ?? ??? ??? ?? ??? ???? ???‘, Khel
???????? ???? ?? ???????? ?????? ?? ??????? ???? ?? ??????, Khel
????? ???: ???? ??? ?????? ?? ?????? ?? ??? ???????? ????????, Khel
????? ?? ????? ??????? ?? 18 ???? ?????? ?? ?????? ????, Khel
’??? ???? ????? ???? ??? ???? ??? ???‘, Khel
??? ??? ?? ???? ????? ??????? ????, Khel
??? ?? ???: ???????? ?? ??? ?????? ?? ??? ??? ???? ??? ?? ???? ???, Khel
???? ????: ?? ??? ??? ???? ?? ??? ???? ???, Khel
????? ??? ?? ??????: ????? ????? ???? ??? ??? ???? ???? ????? ????, Khel
?? ????? ??? ?? ??????? ???? ?? ??? ???? ???, Khel
?????? ?? ??????? ?? ????: ????? ????? ???? ????? ????? ?? ???? ??? ??? ????, Khel
????? ?? ??? ??? ???????? ?????? ?? ????? ?????? ?? ?? ???, Khel
??????? ?? ??? ????? ??? ???? ???? ??? ???? ??? ????, Khel
’??? ??? ?? ????? ?? ?????? ?????? ?? ??? ????? ???? ??????‘, Khel
???? ?? ?? ???? ????? ?? ?????? ?? ??? ???? ???? ???????? ?? ????, Khel
???????? ????? ????? ?? ???? ?? ?????? ?? ??? ????? ????? ??, Khel
??????? ?? ???? ????? ???? ?? ????, Khel
???? ???? ?? ???? ???? ????? ???? ??? ????, Khel
?? ??? ??? 5: ????? ??? ????? ???? ????? ??? ????? ???? ?? ?????, Khel
’???? ???? ????? ?? ???? ???? ??? ???? ??? ??? ???? ??????‘, Khel
?????? ??? ?? ?????? ??????? ???? ???: ???? ????, Khel
??? ????? ????? ?? ?? ??? ???!, Khel
???????: ’?? ????? ????? ????? ???? ??‘, Khel
’???? ?? ?? ???? ???? ???? ?? ??? ???‘, Khel
?? 20 ?????: ????? ??? ???? ?? ??????? ?? ??? ?? ??? ??? ??, Khel
’??? ??? ??? ??? 1999 ?? ???? ?? ??? ?? ???? ??‘, Khel
’??? ?? ????? ??? ??? ??? ??? ???????? ?????? ??‘, Khel
???? ????: ????? ?? ?????? ?? ???? ?? ????? ?? ????? ???? ??, Khel
??20 ???? ??????? ?? ??????? ?????? ????, Khel
???? ????? ?????? ?? 10 ???: ???? ?? ????? ???? ???? ??? ’?? ????‘, Khel
???? ??? ?? ????? ?? ???? ?? ????? ?? ??!, Khel
???? ???: ???? ???? ??? ???? ?? ?? ????? ??? ??? ??? ????, Khel
????? ???? ???? ???? ????? ????? ?? ?????? ?????? ????? ??????? ?? 600 ?????, Khel
??? ?? ??????? ??? ?????? ???? ?? ?? ??? ???? ???????? ????? ???? ???, Khel
????? ????? ?? ???? ????? ???????? ??? ??? ??, Khel
???? ?????: ???? ??? ???? ?? ?? ??? ???? ????, Khel
??????? ?? ???? ??? 273 ??? ?? ???? ?? ????? ????? ?? ???? ??? ??, Khel
????? ??????? ???????? ??? ?? ?? ??? ?? ??? ??? ????, Khel
???? ??? ??? ?? ?????? ?? ????? ???? ???: ???? ????, Khel
’???? ??? ???? ??? ???? ?? ?????‘, Khel
????? ????: ’??????? ??? ????? ???? ??? ???? ??? ?? ???? ??‘, Khel
??? ?? ???? ?? ???????? ’??? ???‘ ??? ???? ?? ???? ?? ????, Khel
???? ???: ’???? ??? ?????? ???? ???? ?? ?????? ?? ???? ??? ??‘, Khel
’?? ?????? ??? ???? ?????? ????? ?????? ????? ????? ??‘, Khel
’???? ?????? 800 ????? ???‘: ??????? ?? ?????? ?? ????, Khel
???? ???? ??? ’???? ?????‘ ?? ????? ?? ??? ?? ???, Khel
’?? ????? ?? ?????? ???? ??? ??? ????? ???? ?? ??????? ???? ??‘, Khel
????? ???? ??? ???? ?? ??? ?? ?????, Khel
??? ?????? ?? ????? ????? ???? ????? ?? ??????? ?? ????? ???? ???, Fun Funkar
?????? ???: ’???? ???? ???? ??? ???? ??? ?????? ?? ???? ?????‘, Fun Funkar
????? ?? ????? ????? ???? ???? ???? ?? ????? ???? ?????? ???, Fun Funkar
'??? ??? ?? ?? ???? ?? ???? ?? ????? ??', Fun Funkar
????? ??????? ?????? ???? ??? ?? ?????? ????? ???? ?? ??????, Fun Funkar
????? ?? ???? ?????? ???? ???? ???? ?????, Fun Funkar
’??? ?? ????‘ ?? ???? ???? ??? ?? ???? ????? ?? ???? ???? ??? ???, Fun Funkar
?????? ???: ’?????? ????‘ 45??? ?????? ?? ??? ??, Fun Funkar
???? ?? 20 ??? ????? ???? ???? ???? ?? ??? ?? ??? ???? ???? ????? ???? ??? ?? ????, Fun Funkar
’??? ??? ?????? ?? ??? ?? ???? ?? ???? ???? ????????? ?? ????‘, Fun Funkar
??? ?????? ?? ????? ????? ???? ????? ?? ??????? ?? ????? ???? ???, Fun Funkar
?????? ???: ’???? ???? ???? ??? ???? ??? ?????? ?? ???? ?????‘, Fun Funkar
????? ?? ????? ????? ???? ???? ???? ?? ????? ???? ?????? ???, Fun Funkar
'??? ??? ?? ?? ???? ?? ???? ?? ????? ??', Fun Funkar
????? ??????? ?????? ???? ??? ?? ?????? ????? ???? ?? ??????, Fun Funkar
????? ?? ???? ?????? ???? ???? ???? ?????, Fun Funkar
’??? ?? ????‘ ?? ???? ???? ??? ?? ???? ????? ?? ???? ???? ??? ???, Fun Funkar
?????? ???: ’?????? ????‘ 45??? ?????? ?? ??? ??, Fun Funkar
???? ?? 20 ??? ????? ???? ???? ???? ?? ??? ?? ??? ???? ???? ????? ???? ??? ?? ????, Fun Funkar
’??? ??? ?????? ?? ??? ?? ???? ?? ???? ???? ????????? ?? ????‘, Fun Funkar
’???? ???? ??? ?? ?? ?? ???? ???? ???? ?? ????? ??? ?? ?????? ???? ????‘, Fun Funkar
?????? ?? ??????? ?????? ???? ?? ???: ?????? ????? ?? ????? ???? ?? ???, Fun Funkar
?? ?????? ?? ?? ????? ???? ?? ’????‘ ??? ??? ???? ?? ????? ???, Fun Funkar
’??? ???? ???? ???? ????‘, Fun Funkar
??? ?? ???? ?? ?????? ?? ???? ?? ?????? ??? ?? ??? ?? ???? ???? ?????: ?????, Fun Funkar
’?? ?? ????‘ ?????? ?? ?? ?? ????? ????? ???? ???? ????? ?? ???, Fun Funkar
???? ???? ?? ????? ?????? ???? ??? ????? 90 ??? ?? ??? ??? ???? ?? ???, Fun Funkar
??? ???? ????? ???? ???? ?? ????? ?? ???? ???? ??? ??????? ?? ???? ?????, Fun Funkar
???????? ?????? ??? ??? ?? ??????? ??? ??? ??? ???? ??, Fun Funkar
?? ????????? ?? ??? ????? ?? ’???????‘ ?????? ????? ?? ??? ?????, Fun Funkar
'????? ??‘ ?? ????: ’??? ?? ????? ?? ???? ???‘, Fun Funkar
??? ???? ???: ’??? ??? ?? ????? ?? ??? ??? ??????? ???? ???? ?? ??? ??‘, Fun Funkar
????? ?? ’????‘ ????? ???? ????? ’??? ?? ????? ???????? ????‘, Fun Funkar
???? ???? ?? ????: ??????? ??? ??? ?????, Fun Funkar
?? ?? ??? ??: ?? ???????? ?? ??? ??? ???? ?? ???? ????? ???, Fun Funkar
???? ???? ?? ???? ??? ???? ???? ?? ???? ??? ??, Fun Funkar
???????? ??? ????????? ??? ???? ??? ?? ???? ????? ?? ?????? ???? ???? ?? ??? ????, Fun Funkar
’???? ??? ???? ??? ?? ???? ???? ????? ???? ???? ???? ?????? ??‘, Fun Funkar
????? ????? ?? ??? ???? ?? ?????? ?? ???? ??? ??? ????, Fun Funkar
??? ??? ????? ??? ???? ??? ?? ??????? ??????? ???? ???? ?? ????????? ?? ????? ????? ?? ?????, Fun Funkar
’????? ?? ????? ?? ?? ?? ?????? ?? ????? ??? ????‘, Fun Funkar
’?????? ?? ????? ?? ??? ?? ?? ?? ???? ??????? ??? ???? ??? ??‘, Fun Funkar
?????? ????? ??? ?????? ?? ’??? ???????? ????‘ ?????? ??? ????, Fun Funkar
??????? ?? ??? ????? ’??? ???‘: ’????? ?? ????? ??? ?????? ?? ????? ???‘, Fun Funkar
??? ??????? ?? ??? ??? ?? ? ??? ??? ?? ?? ????? ?? ?? ??? ?????? ?? ??????, Fun Funkar
??? ??????? ?? ?????? ??? ??? ????? ????? ?? ???, Fun Funkar
???? ???? ?????? ?? ???: ’??? ?????? ?? ?????? ???????? ????? ?????? ?????? ?? ???? ???‘, Fun Funkar
????? ?????? ??? ????? ’??????? 2‘ ?? ??????? ???? ????? ????, Fun Funkar
???? ?? ??? ???? ???? ???? ?? ??? ??? ????? ?????? ?? ?????, Fun Funkar
??? ????? ?? ????? ??? ????? ?????? ?? ???, Fun Funkar
?? ????? ?? ’????? ?????‘ ?????? ?? ??? ?????? ?? ???? ???? ???, Fun Funkar
??? ???? ?? ?? ??? ’???? ??????? ?? ???? ??? ???? ??? ??? ??‘, Fun Funkar
??????? ??? ?????? ???? ???? ???? ???? ???? ??? ?????? ????? ???? ???????, Fun Funkar
??? ?? ????? ??? ??? ????? ????? ???? ????? ?? ???? ???? ?? ???? ?? ???????, Fun Funkar
????? ??? ???? ???? ?? ???? ?? ?? ????? ??? ?????, Fun Funkar
’?? ????? ?? ??? ?? ??? ??? ???? ?? ?????? ??‘: ???? ?? ?????, Fun Funkar
????? ??? ?????: ???? ???? ?? ???? ????? ???? ???????? ???? ??????? ??????? ????? ???????, Fun Funkar
???? ???? ?? ??? ??? ?? ????? ??? ??? ??? ?????, Fun Funkar
?? ????? ???? ?? ?? ?????? ???? ??? ?? ???? ??? ???? ???, Fun Funkar
??? ?? ?? ???? ?? ’??????‘ ???? ??? ???? ????, Fun Funkar
???? ???? ???? ?? ?? ???? ?????? ?? ???? ??? ???? ?? ???? ???? ??? ??? ????, Fun Funkar
’?? ???‘ ???? ?? ?? ??? ?? ????? ?????? ?????? ??? ???? ??? ???? ???? ???, Fun Funkar
?????? ??????? ???? ?????? ???? ??? ??? ???? ???? ??? ???? ????, Fun Funkar
????? ??? ???? ???? ??? ??? ???? ?? ????? ?? ????? ????? ????? ?? ???? ?? ?????, Fun Funkar
??? ???? ???? ?? ?? ??? ?????? ?? ????? ?? ???, Fun Funkar
?????? ????? ?? ?????? ??? ??????? ????? ????? ?? ???? ???? ?? ?????, Fun Funkar
???? ?? ?????? ?? ?????? ??? ????? ???? ??? ??? ??? ????, Fun Funkar
?????? ????? ??? ?????: ’??? ???? ?? ?????? ???? ????? ???? ????? ???‘, Fun Funkar
???? ?? ??? ?????? ?? ???????? ????? ??????? ???? ????? ????? ??????? ?? ??? ???, Fun Funkar
?????? ??? ???? ?? ???? ?? ???? ????? ?? ’??? ?????‘ ?? ?????, Fun Funkar
????? ??? ?? ????? ???? ??? ??? ??? ???? ???, Fun Funkar
?? ??? ?? ??? ??? ???? ?? ????? ??? ’?? ?????‘ ?? ?????? ????, Fun Funkar
??? ???: ’?? ?? ??? ???? ??? ?? ?? ???? ?? ???? ???? ??‘, Fun Funkar
?? ??? ?? ????? ?? ?? ???? ??? ??? ????? ???, Fun Funkar
’?? ?? ???? ?????? ?? ??? ???? ?? ??? ?? ??? ?? ??? ?????‘, Fun Funkar
??? ??? ???? ?? ???? ?????? ?? ????? ???? ???? ????, Fun Funkar
’??? ???? ?? ?? ??? ?? ??? ????? ???? ?? ???? ?? ??? ??‘, Fun Funkar
???? ?? ??? ?????? ?? ??????? ?? ?????, Fun Funkar
???? ???? ???? ?? ????? ?????? ?? ??? ????? ?????? ???, Fun Funkar
’????? ??? ??? ?? ???? ?? ?? ????? ?? ???? ??? ???? ???? ???‘, Fun Funkar
????? ????? ??? ???? ?? ?? ?? ???? ?? ??? ?? ??? ????, Fun Funkar
’??????? ?? ???‘: ????? ????? ?? ???? ???? ??? ??????? ?? ??? ???? ????, Fun Funkar
??? ???? ??? ???? ???? ???? ????? ??? ?? ’????‘ ??? ?? ????? ???, Fun Funkar
????? ???? ??????: ???? ?? ??????? ??? ??????? ??????, Fun Funkar
????? ????? ?? ??? ??? ?? ???? ’?????‘ ??????? ???? ????? ????, Fun Funkar
???? ?? ?? ?? ????? ???? ?? ???? ???? ????? ???? ?? ????? ?? ?????? ?? ???? ???, Fun Funkar
’???? ????? ?? ??? ?? ???? ???? ??? ???? ????‘, Fun Funkar
??? ?? ?? ??????? ?? ?? ?? ’??????‘ ????? ????? ????, Fun Funkar
’????? ??? ???? ?? ????? ?? ??? ?? ??? ?? ??? ??‘, Fun Funkar
’???? ???? ?? ????? ?? ??? ??? ?? ?? ???? ???? ?????? ?? ???? ???? ?????‘, Fun Funkar
??? ?? ??? ???: ???? ?????? ??? ?? ????? ?????? ????? ?? ???? ?????? ?? ???, Fun Funkar
????? ?? ????? ?? ’?? ??? ?????? ?????? ??‘ ???? ?? ??? ????, Fun Funkar
?????? ?? ??? ????? ?? ’????? ?????‘: ’??? ??????? ????? ????? ?? ????? ???‘, Fun Funkar
???? ?? ????? ??: ???? ?? ???? ?? ??? ??? ?? ??? ?????!, Fun Funkar
’?????? ??? ????? ?? ???????? ?? ????? ?? ??? ?? ??‘, Fun Funkar
’?? ?? ??? ?? ??? ???? ?? ??? ????? ?? ????? ?????? ????‘, Fun Funkar
???? ??? ??? ??? ???? ????? ?????? ?? ??? ??? ?? ?????? ??? ?????, Fun Funkar
??????? ????? ?????: ’?? ??? ???? ??? ???? ?? ??? ????? ???? ?? ????? ???‘, Fun Funkar
???? ?? ?????: ????? ?? ????? ?? ???? ??? ?? ??? ?? ?? ?????? ??? ?????, Fun Funkar
????? ??????: ’???? ???? ????? ?? ???? ?? ?????? ?? ??? ??? ????‘, Fun Funkar
???? ??? ???? ?? ????? ?? ??? ??? ??? ???? ???? ?? ???? ????? ???, Fun Funkar
?? ????? ???: ’??? ??? ????? ?????? ?? ??? ????? ??? ?? ???‘, Fun Funkar
’?????? ?????‘ ?? ???? ?? ?????? ?? ????????? ??? ?? ? ???, Fun Funkar
?? ???? ???? ?? ???? ?? ???? ??? ?? ???, Fun Funkar
'???? ?? ????' ?? ??? ?????? ??? ???????? ???? ?? ???? ???? ????, Fun Funkar
????? ??????: ’??????? ?? ???? ???? ??? ??? ?? ???? ???? ???? ??‘, Fun Funkar
’?? ?????? ?? ???? ???? ?? ?? ??? ??? ???? ???? ???? ???‘, Fun Funkar
?????? ???? ?? ???: ????? ?? ?? ????? ??? ????? ?? ’?????‘ ????? ???, Fun Funkar
???? ?? ?? ??? ????: ?? ??? ???? ??? ??? ?? ??? ??, Fun Funkar
???? ??: ’?? ?? ??? ???? ???? ?? ????? ?? ????? ??‘, Fun Funkar
’???? ???? ????? ??? ???? ???? ??? ??? ??? ?? ???? ??? ???‘, Science
???? ??? ??????? ?? ???? ???? ???? ???? ???? ?? ????? ???? ???? ??? ???? ????, Science
??? ????? ??????? ???? ?? 25 ????? ?? ?? ??????? ?? ??? ????, Science
??? ?? ???? ???? ????? ???? ?? ???????? ????? ?? ???? ??? ???? ???, Science
’?????? ?? ???? ??? ???? ??? ?? ?? ???? ???? ??? ?? ?? ??? ?? ???? ????‘, Science
???? ???: ?? ?????? ?? ???? ????? ???? ?? ??? ?? ??? ??? ???? ???? ????? ??? ??, Science
???? ?????? ??? ????? ????? ???? ??? ???, Science
??????? ??? ??? ?? ?????? ?? ???? ??? ??? ???, Science
??? ??? ??? ?? ???? ?? ??? ?????? ???????? ?? ???? ?????, Science
????? ?? ???? ?? ???? ??? ?????? ?? ?????? ???? ????, Science
’???? ???? ????? ??? ???? ???? ??? ??? ??? ?? ???? ??? ???‘, Science
???? ??? ??????? ?? ???? ???? ???? ???? ???? ?? ????? ???? ???? ??? ???? ????, Science
??? ????? ??????? ???? ?? 25 ????? ?? ?? ??????? ?? ??? ????, Science
??? ?? ???? ???? ????? ???? ?? ???????? ????? ?? ???? ??? ???? ???, Science
’?????? ?? ???? ??? ???? ??? ?? ?? ???? ???? ??? ?? ?? ??? ?? ???? ????‘, Science
???? ???: ?? ?????? ?? ???? ????? ???? ?? ??? ?? ??? ??? ???? ???? ????? ??? ??, Science
???? ?????? ??? ????? ????? ???? ??? ???, Science
??????? ??? ??? ?? ?????? ?? ???? ??? ??? ???, Science
??? ??? ??? ?? ???? ?? ??? ?????? ???????? ?? ???? ?????, Science
????? ?? ???? ?? ???? ??? ?????? ?? ?????? ???? ????, Science
??????? ??????: ?????????? ?? ?? ???? ???? ???? ??? ???, Science
????? ???? ?? ???? ??? ?? ???? ????? ????!, Science
???? ???????: ????? ?? ?? ?? ’?????‘ ??? ’?????????‘ ?? ?? ?????, Science
’??????? ??? ????‘: ???? ??? ???? ?? ??????? ?? ???? ????? ?? ??????, Science
??? ?? ????? ???? ???? ?? 18 ???? ???? ??? ????? ?? ?????, Science
???? ??? ?? ???? ??? ?? ?? ???? ?? ????? ??????, Science
??? ????? ????? ?? ??? ??? ??????? ?? ????, Science
??????? ?????? ?? ?????: ’????? ?? ?????? ?? ??? ????? ??? ??????? ????? ?? ??‘, Science
??????? ?? ??? ’????? ????? ????‘ ?? ??? ??? ???, Science
’????? ?? ??? ??? ??? ????? ????? ?? ?? ????? ?? ?? ??? ??‘, Science
???? ???? ????: ’?????? ?? ?????? ???? ?? ?? ???? ?? ????? ???? ??‘, Science
????? ??????? ?? ????? ?? ????? ????? ??? ??? ?????? ?? ?????, Science
???? ?????? ????? ????? ?? ?????? ???????, Science
’??? ??? ?? ???? ??? ?? ?? ??? ???? ??‘, Science
???? ????? ?????? ??? ???? ’??????? ??????‘ ?? ?? ?? ??? ?? ??? ???? ???, Science
???? ???? ?? ????? ???? ????? ???? ???? ???? ?? ??? ?? ?? ???? ?? ??? ?? ????, Science
????? ?? ?? ?? ?????? ???? ?? ??? ??? ??? ?? ????? ??? ??? ???, Science
???? ????? ??????? ?? ?????? ??????? ?? ??? ?? ???? ?????? ???? ???, Science
’????? ???? ???? ??? ???? ??? ??? ?? ??? ?? ??? ???? ???? ???? ??? ???‘, Science
????? ???: ?? ?? ???? ?????? ?? ?????? ??? ?? ?? ???? ?? ???? ??? ??? ???? ??, Science
?????? ?? ’????‘ ???? ???? ?? ?? ???? ?? ’??? ???‘ ???? ??? ???? ????, Science
???? ????? ?? ??????? ?? ???????? ?? ???? ??? ??? ?? ???? ???, Science
????? 19: ??? ???? ??? ???? ????? ?? ???? ?? ?????? ???? ???? ??????, Science
????? ????? ????? ?? ????? ???? ??? ?????? ?? ??? ??? ?? ??? ???, Science
?? ????? ???? ?????? ?? ???? ???? ?? ??? ???? ?? ????? ???? ???, Science
??? ???? ??? ???? ?? ???? ?????? ???? ?? ??? ????? ????, Science
??? ????????? ??????? ??????? ?? ?? ?? ????? ???? ??? ?? ??? ????, Science
?????? ????? ?????? ?? ?????: ????? ????? ??? ??? ?? ????? ?? ????? ????, Science
??????? ??? ??? ??????? ?? ???????? ??? ????? ?? ?????? ??? ????, Science
?? ????? ???? ??? ?? ???, Science
??? ????? ?? ????? 13 ??? ?? ???? ?? ?? ?? ??? ??? ????? ???, Science
????? ?????? ??? ???? ?? ????? ??????? ???? ?? ??? ??? ??? ??? ?? ?? ????, Science
????? ????? ??? ??? ???? ??? ?? ’??? ?? ??? ?????? ??? ???? ??? ‘, Science
’?? ????? ?? ???? ?? ????? ???? ???? ??? ?? ??? ???? ??‘, Science
??? ??? ????? ??????? ??? ?????? ?? ?????? ??? ???? ?? ????? ?? ?? ?? ???? ???, Science
?????? ?????: ??? ???????? ????? ????? ?????? ?????? ??? ?????? ?? ??? ???? ??? ??, Science
????? ?? ???????: ’?????‘ ?????? ?? ???????? ????? ???? ????????? ??????, Science
????? ??: ???? ??? ??? ??? ????? ????? ?? ?? ???? ????? ?? ??? ????, Science
20 ???? ??? ???? ?? 20 ???? ???: ?? ???? ?? ???? ??? ???? ????? ???, Science
??????? ’?????? ?????? ?? ?????? ?? ??? ????‘? ??????? ?? ??? ?????? ?? ??????, Science
???? ??? ?????? ???? ????: ????? ????? ??? ????? ?? ??? ??, Science
?????? ????? ?? ??? ???? ???? ???, Science
?????? ????? ?? ?????? ??? ??? ??? ?? ?? ???? ?????, Science
?? ?????? ?? ?? ????? ???? ?? ’????‘ ??? ??? ???? ?? ????? ???, Science
???? ??????? ??? ??? ??? ??? ??? ????? ?? ?? ??? ?? ?? ????? ?????, Science
’??? ?? ??? ???? ??? ???? ?? ???? ???? ???? ??? ???‘, Science
?????? ?????? ?? ????? ??? ???? ???? ?? ?????, Science
????? ???? ??????: ??? ?? ???? ????? ??? ?? ???? ????? ?? ???? ???? ???? ??? ?? ???, Science
???? ??????? ?? ????? ?????? ’?? ?? ????? ?? ?? ?? ??? ???? ??? ????‘, Science
????? ???? ?? ?????? ???? ????? ??? ??? ?????? ??? ??? ???? ?? ????? ??? ????, Science
??? ??? ?? ????? ??? ? ???? ?? ???? ?? ????? ???? ??????, Science
’??????? ????? ??? ?? ????? ???? ?? ?? ?? ??? ??? ????? ???? ??‘, Science
??? ???? ????? ?? ?? ?? ????? ????? ??, Science
?????? ???? ?? '????? ????' ?? ???? ???? ??? ???? ????, Science
??? ?????????? ??? ????? ??? ? ????? ?? ?????? ??? ?? ?????????? ????? ?????, Science
??? ??? ?????? ?? ????? ????? ???? ?? ???? ? ???? ??????, Science
’????? ?? ???? ???? ????? ?? ???? ??? ?? ??? ???‘, Science
???? ????? ?? ??? ?????: ’??? ????‘ ?? ???? ????? ??? ??? ???? ??? ?????? ?????? ?? ?????, Science
?????? ???? ?? ??? ??? ???? ?? ??? ?????? ??? ?? ???, Science
???? ??? ?? ??? ?? ??? ????? ’????‘ ???? ???? ???? ??????, Science
????? ???? ???? ?? ???? ??????? ?? ????? ???? ?? ????? ?? ???, Science
’???? ???? ?? ?? ?? ?? ???? ?? ??????? ???? ??‘, Science
????? ???? ?? ?? ’??????‘ ?? ????????? ??? ???? ????? ??????? ??, Science
????? ?? ??? ?? ???? ???? ?? ??? ?? ?????? ????? ???? ?? ???? ??, Science
????? ?????? ?? ????? ???? ??????? ???? ?? ????? ???? ?? ?? ??? ???, Science
’??? ???? ?? ?? ???? ???? ?? ???? ???? ??? ??? ?? ???? ???? ????? ????‘, Science
??? ?????? ????? ?? ??????? ?? ???? ?????? ?? ????? ?? ????? ????? ?? ???? ???, Science
’?????‘ ????? ??? ?? ???? ???? ’??????‘ ??? ??? ???? ?? ???? ????, Science
???? ??? ?? ???: ???? ????? ?? ??? ????? ?? ???, Science
??? ????? ???? ?????? ?? ???? ????? ??? ?????? ????? ????, Science
?????? ?? ????? ???? ???? ???????? ?? ?? ??? ?? ??? ??? ????? ???, Science
??? ?? '????? ????' ????? ????? ?? ??? ???? ?????? ???? ?? ??? ???, Science
?? ?? ???? ????? ?? ???? ????? ?? ???? ???? ???? ??? ????, Science
??????? ???? ????? ????? ?????? ????? ?? ’????? ???‘ ?? ?????? ???? ?? ??? ????, Science
???? ?? ????? ??? ???? ???? ???? ’??????‘ ??? ?? ’????? ?????‘?, Science
????? ?? ???????? ?????? ?? ????? ??? ???? ?? ????? ’??? ????‘ ????, Science
??????? ??? ???? ???? ???? ???? ? ???? ????, Science
’????? ?? ????? ?? ??? ?? ?? ???? ???? ??? ???? ????‘, Science
???? ????? ????? ?? ?? ??? ??? ?? ??? ???, Science
??????? ???? ???? ???? ????? ?? ??????? ??? ?????? ??? ??? ?? ??? ???? ?? ?????, Science
’?????? ??? ?? ???? ?? ??? ?? ???? ????? ?? ?????? ????? ???‘, Science
?????? ???? ????????? ??????? ????? ?? ????? ???? ?? ??? ???? ??? ????, Science
??? ?????? ????? ???? ????? ???, Science
???????? ??????? ?? ??????? ?? ???? ??? ’???????? ?????‘ ???, Science
????? ????? ?? ?????? ??? ????????? ??????? ?? ??????? ???? ??? ??? ???, Science
????????: ?????? ?? ???? ?? ????? ???? ???? ??????? ???????? ?? ???? ?? ????? ?? ????, Science
??????: ??????? ??? ??? ??? ??? ??????? ?? ????? ????? ??? ???? ?? ?????, Science
??? ???? ?? ???? ?? ?????? ?????? ????? ??? ??? ??? ??? ? ???!, Science
???? ???? ??? ?????? ?????? ?? ???? ???? ???? ??????, Science
????? ?? ?????? ???????? ?? ??? ??? ??? ?? ????? ?? ??? ???, Science
